disease,fever,cough,headache,fatigue,nausea,runny_nose,sore_throat,muscle_ache,chills,diarrhea
flu,1,1,1,1,1,0,1,1,1,0
flu,1,1,1,1,0,1,0,1,1,0
flu,1,1,0,1,1,1,1,1,1,0
flu,1,0,1,1,0,1,0,1,1,0
flu,1,1,0,1,0,1,1,1,1,0
flu,0,0,0,1,0,0,1,1,1,0
flu,1,1,1,1,0,1,1,1,1,1
flu,1,1,1,1,0,0,1,1,0,0
flu,0,1,0,0,0,0,1,0,1,0
flu,1,1,1,1,1,1,1,1,1,0
flu,1,1,1,1,0,1,1,1,1,0
flu,0,0,1,1,0,0,0,1,0,0
flu,1,0,0,1,1,1,0,0,1,0
flu,1,1,1,1,1,0,1,1,1,1
flu,1,1,0,1,1,0,1,1,1,0
flu,0,1,1,1,1,1,1,1,1,0
flu,1,1,1,0,1,1,0,1,1,0
flu,0,0,1,1,1,0,1,1,0,0
flu,1,1,0,1,1,0,1,0,0,0
flu,1,1,1,1,1,0,1,1,1,0
flu,1,0,1,0,0,0,0,1,1,0
flu,1,1,0,1,1,0,1,1,1,0
flu,1,0,1,1,0,1,1,1,0,0
flu,0,1,0,1,0,0,1,1,1,0
flu,1,1,1,1,1,1,1,0,1,0
flu,1,1,1,1,0,0,1,0,1,0
flu,1,1,1,1,0,1,1,1,1,0
flu,1,1,0,1,0,0,1,1,1,0
flu,1,1,1,1,1,1,1,0,1,0
flu,1,0,1,1,1,0,1,1,1,0
flu,1,0,0,0,1,1,1,1,1,0
flu,1,1,1,1,0,1,1,1,1,0
flu,1,0,0,1,0,0,1,1,1,0
flu,1,0,1,1,1,0,0,0,1,0
flu,1,1,1,1,0,0,1,0,0,0
flu,1,1,1,1,0,0,1,1,1,0
flu,1,1,0,0,0,0,1,1,0,1
flu,1,0,0,1,1,1,0,1,1,0
flu,1,0,1,1,1,1,1,1,1,0
flu,1,1,0,1,1,1,1,1,1,0
flu,1,0,0,1,1,1,1,0,1,0
flu,1,1,1,1,0,1,1,1,1,0
flu,0,1,1,0,1,0,1,1,1,0
flu,1,1,1,1,0,1,1,1,1,0
flu,1,1,1,1,0,1,0,1,1,0
flu,1,1,0,1,1,1,1,1,0,0
flu,1,1,1,1,1,0,1,1,1,0
flu,1,1,0,1,0,1,1,1,1,0
flu,1,1,1,1,0,1,0,1,1,0
flu,1,1,1,1,0,1,1,1,1,0
flu,0,0,1,1,0,1,1,1,0,0
flu,1,1,1,1,0,0,1,1,1,0
flu,1,1,0,1,0,1,0,1,0,0
flu,1,0,1,1,0,0,0,1,1,0
flu,1,0,1,1,0,1,1,1,0,0
flu,1,1,0,1,0,0,1,1,1,0
flu,1,1,1,1,1,1,1,1,1,1
flu,1,0,1,1,0,1,1,1,1,0
flu,1,1,1,1,0,0,1,1,1,0
flu,1,1,0,1,0,1,1,0,1,0
flu,1,0,1,1,0,0,0,1,0,0
flu,1,1,1,1,1,0,1,0,0,0
flu,0,1,1,1,0,0,0,1,1,0
flu,1,1,1,1,0,0,1,1,1,0
flu,1,1,1,1,0,1,0,1,1,0
flu,1,1,1,1,0,0,0,1,1,0
flu,1,1,1,1,1,1,1,1,1,0
flu,1,1,0,1,0,0,1,0,1,0
flu,0,1,1,1,1,0,1,1,0,0
flu,1,1,0,1,0,1,0,1,1,1
flu,1,1,1,1,0,1,1,1,1,0
flu,1,1,1,1,1,0,0,0,1,0
flu,1,1,1,1,1,1,0,1,0,0
flu,1,1,1,1,1,1,1,0,1,0
flu,1,1,1,1,0,1,1,1,1,0
flu,1,1,1,1,1,1,0,1,1,0
flu,1,1,1,1,0,1,0,1,1,0
flu,1,1,1,1,0,1,1,1,1,0
flu,1,1,1,1,0,1,1,0,1,0
flu,1,0,1,0,1,1,1,1,1,1
flu,1,0,1,1,1,1,1,1,1,0
flu,1,1,0,1,0,0,0,1,1,0
flu,0,1,0,0,0,1,0,1,0,0
flu,1,1,1,1,1,1,1,1,1,0
flu,1,1,1,1,0,1,0,1,1,0
flu,1,1,0,1,0,1,1,1,1,0
flu,1,1,1,1,0,1,1,1,1,0
flu,1,1,0,1,1,1,1,0,0,0
flu,1,1,1,1,0,1,0,1,1,0
flu,1,1,1,1,0,0,0,1,0,0
flu,1,1,1,1,0,0,0,1,1,0
flu,1,0,1,1,1,1,1,1,1,0
flu,1,1,0,0,0,1,0,1,1,0
flu,1,1,1,1,0,0,1,0,1,0
flu,0,1,0,1,0,0,1,0,1,0
flu,1,1,1,1,1,1,1,0,1,0
flu,1,1,0,1,1,0,1,1,1,0
flu,1,1,1,1,1,1,1,1,1,0
flu,1,0,1,0,0,1,1,1,1,0
flu,1,1,0,1,0,1,1,1,1,0
flu,1,1,1,1,0,1,1,1,1,0
flu,1,1,1,1,0,1,0,1,1,0
flu,1,1,0,1,0,1,1,1,1,0
flu,1,1,1,1,0,1,1,1,1,0
flu,1,1,1,1,0,0,1,1,1,0
flu,1,1,1,1,0,1,1,1,1,0
flu,1,1,1,1,0,1,1,1,1,1
flu,1,1,0,1,0,1,1,1,1,1
flu,1,1,1,1,0,1,1,1,1,0
flu,1,1,0,1,1,1,1,1,1,0
flu,1,0,1,1,0,1,1,0,1,1
flu,1,1,0,1,0,0,0,1,1,0
flu,1,1,1,1,1,0,1,1,1,1
flu,1,1,1,1,0,1,0,0,1,0
flu,1,1,1,1,1,1,0,1,1,0
flu,1,1,1,1,0,1,1,1,1,1
flu,1,1,0,1,1,1,0,1,1,0
flu,1,1,0,1,0,0,1,1,1,0
flu,1,1,1,1,0,0,1,0,1,0
flu,1,1,0,1,0,1,1,0,1,0
flu,1,1,1,1,0,0,1,1,1,0
flu,1,1,0,1,1,1,0,1,0,1
flu,1,1,1,1,0,1,0,1,1,1
flu,1,1,1,1,0,1,1,1,1,0
flu,0,1,1,1,0,1,0,1,1,0
flu,1,1,1,1,0,0,1,1,1,0
flu,0,1,1,1,0,1,0,1,1,0
flu,0,1,1,0,0,0,0,1,1,0
flu,1,1,0,1,0,0,1,1,1,0
flu,0,1,1,1,0,0,1,1,1,0
flu,1,1,0,1,0,1,1,0,1,0
flu,1,1,0,1,1,0,1,0,1,0
flu,1,1,1,1,0,0,1,1,1,0
flu,1,1,1,0,1,1,0,1,1,0
flu,1,1,1,1,0,1,0,1,1,0
flu,1,1,1,1,0,0,1,1,1,0
flu,1,1,1,1,1,0,1,1,1,0
flu,1,1,1,1,0,0,1,1,1,0
flu,1,1,1,1,1,0,1,1,1,0
flu,0,0,0,1,0,0,1,0,1,0
flu,1,1,0,1,0,1,1,1,1,0
flu,1,1,1,1,0,0,1,1,1,0
flu,1,0,1,1,0,1,1,0,1,0
flu,1,1,1,1,0,1,1,1,1,1
flu,1,0,1,1,0,1,0,1,1,0
flu,1,1,1,1,0,1,1,1,0,0
flu,1,1,0,0,0,0,1,0,0,0
flu,1,1,1,1,0,1,1,1,1,0
flu,1,1,0,1,1,1,1,1,0,0
flu,1,1,1,1,0,1,0,1,0,0
flu,1,1,1,1,1,0,0,0,1,0
flu,1,1,1,1,0,1,1,1,1,0
flu,1,1,1,1,0,1,1,1,1,0
flu,1,1,0,0,1,0,1,1,1,0
flu,1,1,0,1,0,0,1,1,1,0
flu,1,1,1,0,1,1,1,1,0,0
flu,1,0,0,1,0,0,1,1,1,0
flu,0,1,1,1,0,1,0,1,1,0
flu,1,1,1,1,1,1,1,0,1,0
flu,1,1,0,0,1,1,1,1,1,0
flu,1,1,1,1,0,0,1,1,0,0
flu,1,1,1,1,0,1,1,1,1,1
flu,1,1,1,0,0,1,0,0,0,1
flu,1,0,1,1,0,1,1,1,1,0
flu,1,1,0,1,0,1,0,1,0,0
flu,1,1,0,0,0,0,0,1,1,0
flu,1,1,1,1,1,0,1,1,1,0
flu,1,1,1,1,0,0,1,1,1,0
flu,1,1,0,1,0,1,1,1,1,0
flu,1,1,0,0,1,1,1,1,1,0
flu,1,1,1,1,0,1,0,1,0,0
flu,1,1,1,1,0,1,0,0,1,0
flu,1,1,1,1,0,1,1,0,1,0
flu,1,1,1,1,0,1,1,1,1,0
flu,1,1,0,1,0,1,0,1,0,1
flu,1,1,1,1,1,1,1,1,1,1
flu,1,1,1,1,0,1,1,1,1,0
flu,1,0,0,0,0,0,1,1,1,0
flu,1,1,0,1,0,1,0,0,1,0
flu,1,1,0,1,1,0,0,1,1,0
flu,1,1,0,1,0,1,1,1,1,0
flu,0,1,0,1,0,1,1,0,1,0
flu,1,1,0,1,0,1,0,1,1,0
flu,1,1,1,1,0,0,0,1,1,1
flu,1,1,1,1,0,1,0,1,1,0
flu,1,1,1,0,0,0,1,1,1,0
flu,1,1,1,1,0,1,1,1,1,0
flu,1,1,1,1,0,1,1,1,0,0
flu,1,1,0,1,0,0,1,0,1,0
flu,0,1,1,0,0,1,0,0,1,0
flu,1,1,1,1,0,1,1,1,1,0
flu,1,1,0,1,0,0,1,0,1,0
flu,1,1,1,1,0,0,1,1,1,0
flu,1,1,1,1,1,1,1,1,1,0
flu,1,1,1,1,0,0,1,1,1,0
flu,1,1,1,1,1,1,1,1,1,0
flu,1,1,1,1,1,0,1,1,1,0
flu,1,1,1,1,1,0,0,1,1,0
flu,0,1,1,1,0,0,0,1,1,0
flu,1,1,1,1,0,1,1,1,1,1
cold,0,1,1,0,0,1,1,1,0,0
cold,0,1,0,1,0,1,1,0,0,0
cold,1,1,0,1,0,1,0,1,0,0
cold,1,1,0,1,0,1,1,0,0,0
cold,0,1,0,1,0,1,1,0,0,0
cold,0,1,0,0,0,1,0,0,0,0
cold,0,0,0,0,0,1,1,1,1,0
cold,0,1,1,0,0,1,1,0,0,0
cold,0,1,1,1,0,1,1,0,0,0
cold,1,1,0,0,0,1,1,0,0,0
cold,0,1,1,1,0,1,1,1,0,0
cold,1,0,1,0,0,1,1,0,0,0
cold,1,1,1,0,0,1,1,0,0,0
cold,0,1,1,0,1,1,1,0,0,0
cold,0,1,0,1,0,1,1,1,0,0
cold,0,1,0,1,0,1,1,0,0,0
cold,0,1,0,0,0,1,0,0,1,0
cold,0,1,1,1,0,1,0,0,0,0
cold,0,1,1,1,0,0,0,0,0,0
cold,0,1,0,0,0,1,1,0,1,0
cold,0,1,0,1,0,1,1,0,1,0
cold,0,1,0,0,0,1,0,0,0,0
cold,1,1,0,0,1,1,1,0,0,1
cold,0,1,1,1,0,0,1,0,0,0
cold,1,0,1,1,0,1,0,1,0,1
cold,0,1,0,1,0,1,1,0,1,1
cold,0,1,0,0,0,1,0,0,1,0
cold,0,1,1,0,0,1,1,0,0,1
cold,0,1,1,0,0,1,0,0,0,0
cold,0,1,1,0,0,1,1,0,0,0
cold,0,1,0,1,0,0,1,1,0,0
cold,0,1,0,1,0,1,1,1,1,0
cold,0,1,0,0,0,1,1,0,0,0
cold,0,1,0,0,0,1,1,0,0,0
cold,0,1,1,1,0,1,0,0,1,0
cold,0,1,1,1,0,1,0,1,0,0
cold,0,0,0,0,0,0,1,0,1,0
cold,0,1,0,0,0,1,1,0,0,0
cold,0,1,0,1,0,0,0,1,0,0
cold,0,1,1,0,0,1,1,0,0,0
cold,0,0,0,0,0,1,1,0,0,0
cold,0,1,0,1,0,1,1,0,0,0
cold,0,1,0,0,0,1,1,0,0,0
cold,0,1,1,0,0,1,1,0,0,0
cold,0,1,0,0,0,1,1,0,0,0
cold,1,1,1,0,0,1,1,1,0,0
cold,1,1,0,0,0,1,1,0,0,0
cold,0,1,0,1,0,1,1,1,1,0
cold,0,1,0,0,1,0,1,0,1,0
cold,1,1,1,0,0,1,1,1,1,0
cold,0,1,1,1,1,1,1,0,1,0
cold,0,1,1,1,0,1,1,0,1,0
cold,0,1,0,1,0,1,1,0,1,0
cold,0,1,0,0,0,1,0,1,1,0
cold,0,1,1,1,0,1,1,1,0,0
cold,0,1,0,0,0,0,1,0,0,0
cold,0,0,1,1,0,1,1,0,0,0
cold,0,1,0,1,0,0,1,0,0,0
cold,0,0,1,0,0,1,0,0,0,0
cold,0,1,0,0,0,1,1,0,0,1
cold,0,1,1,0,1,1,1,0,0,0
cold,0,1,0,0,0,1,1,0,0,0
cold,0,1,0,1,0,1,1,1,0,0
cold,0,0,0,1,1,0,1,0,0,0
cold,0,0,0,1,0,1,1,1,1,0
cold,1,1,0,0,0,1,0,1,0,0
cold,1,1,0,1,0,1,1,0,0,0
cold,0,1,1,0,0,1,0,0,1,0
cold,0,1,0,1,0,1,1,1,1,0
cold,0,1,1,0,0,1,1,0,0,0
cold,1,1,0,1,0,1,1,0,0,0
cold,0,1,1,0,1,0,1,0,1,0
cold,0,0,0,0,0,0,1,0,0,0
cold,0,1,1,1,0,1,1,0,0,0
cold,0,1,1,0,0,1,1,0,1,0
cold,0,1,0,1,0,1,1,0,0,0
cold,0,1,0,1,0,1,1,0,0,0
cold,1,1,0,0,0,1,1,0,0,0
cold,0,1,0,1,0,1,1,0,0,1
cold,0,0,0,0,0,1,1,0,0,0
cold,1,1,0,0,0,1,1,0,0,0
cold,0,1,0,0,0,1,1,1,0,1
cold,1,1,0,1,0,0,1,0,1,0
cold,0,0,0,0,0,1,1,0,0,0
cold,0,1,1,1,0,1,1,0,0,0
cold,0,1,1,0,0,0,0,0,0,0
cold,0,1,0,0,0,0,1,0,0,0
cold,0,1,0,0,0,1,1,1,0,0
cold,0,1,0,0,0,1,1,0,0,0
cold,0,1,0,1,0,1,1,0,0,0
cold,0,1,0,1,0,1,1,0,0,0
cold,1,1,0,0,0,1,1,0,0,0
cold,0,1,0,0,0,1,0,0,0,0
cold,0,1,1,0,0,1,1,1,0,0
cold,0,1,0,0,0,1,1,0,1,0
cold,0,1,0,0,0,1,0,0,0,0
cold,1,1,1,0,0,1,1,0,0,0
cold,0,1,1,1,0,1,0,0,0,0
cold,0,1,0,1,0,1,1,0,0,0
cold,0,1,1,1,0,1,1,1,0,0
cold,0,1,0,1,0,0,0,0,0,0
cold,0,1,1,1,0,1,1,0,0,1
cold,0,1,0,0,0,1,1,0,1,0
cold,0,0,0,1,0,0,1,0,1,0
cold,0,1,0,1,1,0,1,0,1,0
cold,0,1,0,1,0,1,0,0,0,0
cold,0,1,1,0,0,1,1,1,0,0
cold,0,1,0,0,0,1,1,0,0,1
cold,0,1,0,0,0,1,1,0,0,0
cold,0,1,0,1,0,1,1,0,0,0
cold,0,1,0,1,1,1,0,0,0,0
cold,0,1,0,0,0,1,1,0,0,0
cold,0,0,0,0,0,1,1,0,0,0
cold,0,1,0,0,0,1,1,1,0,0
cold,0,1,0,0,0,1,1,0,0,0
cold,0,1,0,0,0,1,1,1,0,0
cold,1,1,1,1,0,1,1,0,0,1
cold,0,1,0,0,0,1,1,0,0,0
cold,0,1,0,0,0,1,1,0,0,0
cold,0,1,1,1,0,1,0,0,0,0
cold,1,1,0,0,0,1,1,0,0,0
cold,0,0,0,0,0,1,0,0,1,0
cold,0,1,0,0,0,1,1,0,0,0
cold,0,1,0,0,0,1,1,1,0,1
cold,1,1,0,0,0,1,1,0,0,0
cold,0,1,0,1,0,0,1,0,1,0
cold,0,1,1,1,0,1,1,1,0,0
cold,0,1,0,0,0,1,1,0,1,0
cold,1,1,0,1,0,1,1,0,0,0
cold,0,1,1,0,0,1,1,0,0,0
cold,1,1,0,0,0,1,1,0,1,0
cold,0,1,1,0,0,1,1,0,0,0
cold,0,1,0,0,0,1,0,1,0,0
cold,0,1,0,0,0,1,1,0,0,0
cold,0,1,0,0,0,1,1,0,0,0
cold,0,1,0,0,0,1,1,1,0,0
cold,0,1,1,1,0,1,1,0,1,0
cold,0,1,1,1,0,1,1,0,1,0
cold,0,1,1,0,0,1,1,0,0,0
cold,1,1,0,0,0,1,1,0,0,0
cold,0,1,1,1,0,1,1,0,0,0
cold,0,1,0,1,0,0,1,0,0,0
cold,1,0,0,0,0,1,1,1,0,0
cold,0,1,0,0,0,1,1,0,0,0
cold,0,1,0,0,0,1,1,0,1,0
cold,0,1,0,0,0,1,1,0,0,0
cold,0,1,0,0,0,1,1,1,1,0
cold,1,1,1,0,0,1,1,0,0,0
cold,0,0,0,0,0,1,0,0,1,1
cold,0,1,0,1,1,1,1,1,0,0
cold,1,1,1,0,0,1,0,0,0,0
cold,0,1,1,0,0,1,1,1,1,0
cold,1,1,0,0,0,1,1,0,0,0
cold,0,1,0,1,0,1,1,1,1,0
cold,0,1,0,0,0,1,1,1,0,0
cold,0,1,0,1,0,1,1,0,0,0
cold,0,1,0,0,0,0,1,0,0,0
cold,0,1,0,1,0,0,0,1,0,0
cold,0,1,0,1,0,1,0,0,0,0
cold,0,1,0,0,0,1,1,1,0,0
cold,0,1,0,0,0,1,0,0,0,0
cold,0,1,0,0,0,1,1,0,0,0
cold,0,1,1,0,0,1,0,1,0,0
cold,0,1,0,1,0,1,1,0,0,0
cold,0,1,0,1,0,1,1,1,0,0
cold,0,1,0,0,0,1,1,0,1,0
cold,1,1,0,1,1,1,1,0,1,0
cold,1,1,0,0,0,1,1,0,0,0
cold,0,1,1,0,0,1,1,1,0,0
cold,0,1,0,0,0,1,1,0,0,0
cold,0,1,0,0,0,1,1,1,1,0
cold,1,1,1,0,0,1,1,0,0,0
cold,0,1,0,0,0,1,1,1,0,0
cold,0,1,1,1,0,0,1,0,0,1
cold,0,1,1,0,0,1,1,0,0,0
cold,0,0,0,1,0,1,0,1,0,0
cold,0,1,0,1,1,1,1,0,1,0
cold,0,1,1,0,0,1,1,0,1,0
cold,0,1,1,1,0,1,1,1,0,0
cold,0,1,0,0,0,1,1,1,0,0
cold,0,1,0,0,0,1,0,1,0,1
cold,0,1,0,0,0,1,1,0,0,0
cold,0,1,0,1,0,1,1,0,0,0
cold,1,1,0,0,0,1,1,0,0,0
cold,0,1,0,0,0,1,1,1,0,0
cold,0,1,0,1,0,1,1,0,1,0
cold,0,1,0,0,0,1,1,0,0,0
cold,0,1,1,0,0,1,1,0,0,0
cold,1,1,0,1,1,1,1,1,0,0
cold,1,1,0,1,0,1,1,0,0,0
cold,1,1,0,0,0,1,1,0,0,0
cold,0,1,0,1,0,0,1,0,0,0
cold,0,1,0,1,0,1,1,1,1,0
cold,0,1,0,0,1,1,1,0,0,0
cold,1,1,0,0,0,1,1,1,1,0
cold,0,1,0,0,0,1,1,0,0,0
cold,0,1,0,1,0,1,1,0,0,0
cold,0,0,1,0,0,1,1,0,0,0
cold,0,1,1,0,0,1,1,0,0,0
cold,0,1,0,0,0,0,1,0,0,0
food_poisoning,1,0,1,0,1,0,0,0,0,1
food_poisoning,1,0,1,0,1,0,0,0,0,1
food_poisoning,0,0,1,1,1,0,1,1,1,1
food_poisoning,0,0,0,1,1,0,0,0,0,1
food_poisoning,1,1,0,0,1,0,0,0,0,1
food_poisoning,0,0,0,0,1,0,0,0,0,1
food_poisoning,0,0,0,1,1,0,0,0,1,1
food_poisoning,0,0,0,1,1,0,1,1,1,1
food_poisoning,0,0,0,0,1,0,0,1,0,1
food_poisoning,1,0,0,1,1,0,0,0,0,1
food_poisoning,1,1,1,0,1,0,0,0,1,1
food_poisoning,1,1,0,1,1,1,0,0,0,1
food_poisoning,1,0,0,1,1,0,0,0,0,1
food_poisoning,0,1,0,0,1,0,0,0,0,1
food_poisoning,0,0,0,1,1,0,0,0,0,0
food_poisoning,0,0,1,0,1,0,0,1,0,1
food_poisoning,1,0,0,0,1,0,0,0,1,1
food_poisoning,0,0,0,1,1,0,0,1,0,1
food_poisoning,1,0,1,0,1,1,0,0,0,1
food_poisoning,1,0,0,1,1,0,0,1,0,1
food_poisoning,0,0,0,1,1,0,0,0,0,1
food_poisoning,1,0,0,1,1,0,0,0,0,1
food_poisoning,1,0,1,0,1,0,0,1,1,1
food_poisoning,0,0,0,1,1,0,1,0,1,1
food_poisoning,1,1,1,0,1,0,0,0,1,1
food_poisoning,0,0,1,1,1,0,0,0,1,0
food_poisoning,0,0,0,1,1,0,0,0,0,1
food_poisoning,0,0,0,0,1,0,0,0,1,1
food_poisoning,0,0,0,0,1,0,0,1,0,1
food_poisoning,0,0,1,1,1,0,0,0,0,1
food_poisoning,0,0,0,0,1,0,1,0,0,1
food_poisoning,1,0,0,1,1,0,0,0,0,1
food_poisoning,1,0,1,1,1,0,0,1,1,1
food_poisoning,1,0,1,0,1,0,0,0,0,1
food_poisoning,0,0,1,1,1,0,0,0,0,1
food_poisoning,1,0,0,1,1,0,0,0,0,1
food_poisoning,0,0,0,1,1,0,0,0,1,1
food_poisoning,0,0,1,1,1,0,1,0,1,1
food_poisoning,0,0,0,1,1,0,0,0,1,1
food_poisoning,1,0,1,1,1,0,0,0,1,1
food_poisoning,0,1,1,0,1,0,0,0,1,1
food_poisoning,0,0,0,1,1,0,0,0,1,1
food_poisoning,0,0,0,1,1,0,0,0,0,1
food_poisoning,1,0,0,1,1,0,0,0,0,1
food_poisoning,0,0,0,0,1,0,1,1,1,1
food_poisoning,0,0,1,0,0,0,0,1,0,1
food_poisoning,0,0,0,1,1,1,0,0,1,1
food_poisoning,0,0,1,0,1,0,0,0,1,1
food_poisoning,0,0,1,1,0,0,0,0,1,1
food_poisoning,1,1,1,0,1,0,0,0,1,1
food_poisoning,0,0,0,1,1,0,0,1,0,1
food_poisoning,0,0,1,1,1,0,0,1,0,1
food_poisoning,0,0,0,0,1,0,0,1,1,1
food_poisoning,0,0,0,1,1,0,0,1,0,1
food_poisoning,0,0,0,1,1,0,0,1,0,1
food_poisoning,0,1,1,1,1,1,0,0,0,1
food_poisoning,0,0,0,0,1,0,0,1,1,1
food_poisoning,0,0,0,1,0,0,0,1,0,1
food_poisoning,0,0,0,1,1,0,0,0,1,1
food_poisoning,0,0,0,1,1,0,0,0,0,1
food_poisoning,0,0,1,1,1,0,0,1,0,1
food_poisoning,1,0,1,1,1,0,0,1,1,1
food_poisoning,0,0,1,0,0,0,0,0,0,1
food_poisoning,1,0,0,0,1,0,0,0,1,1
food_poisoning,0,0,0,1,1,0,0,0,1,1
food_poisoning,0,0,1,1,1,0,0,0,1,1
food_poisoning,0,0,0,1,1,0,0,1,0,1
food_poisoning,0,1,1,1,1,0,0,0,0,1
food_poisoning,1,0,0,1,1,0,0,0,1,1
food_poisoning,0,0,0,0,1,0,0,0,0,0
food_poisoning,0,0,0,0,1,0,0,0,1,1
food_poisoning,1,0,0,0,1,0,0,1,1,1
food_poisoning,1,0,0,1,1,0,0,1,1,1
food_poisoning,1,0,1,0,1,0,0,1,0,1
food_poisoning,1,0,0,0,1,0,1,0,0,1
food_poisoning,0,0,0,0,1,0,0,1,1,1
food_poisoning,0,0,0,0,1,0,0,0,0,1
food_poisoning,0,0,1,0,1,1,0,1,0,1
food_poisoning,1,1,0,1,1,0,0,1,1,0
food_poisoning,0,0,1,0,1,0,0,1,1,1
food_poisoning,1,1,0,0,1,0,0,1,0,1
food_poisoning,0,0,0,1,0,0,1,0,1,1
food_poisoning,0,0,1,0,1,0,1,1,0,1
food_poisoning,0,0,0,1,0,0,0,1,0,1
food_poisoning,1,1,0,1,1,0,0,1,1,1
food_poisoning,1,0,1,1,1,0,0,0,0,1
food_poisoning,1,0,0,1,1,0,0,1,0,1
food_poisoning,0,0,1,1,1,0,0,0,0,1
food_poisoning,1,0,0,1,1,0,0,0,0,1
food_poisoning,0,0,1,1,1,0,0,1,1,1
food_poisoning,0,0,0,1,1,0,0,0,0,1
food_poisoning,0,0,0,1,1,0,0,0,0,1
food_poisoning,0,0,0,1,1,0,0,0,1,1
food_poisoning,0,0,0,1,1,0,1,0,0,1
food_poisoning,1,0,0,1,1,0,0,0,0,1
food_poisoning,0,0,0,1,1,0,0,0,1,1
food_poisoning,0,0,1,1,1,0,1,0,0,1
food_poisoning,0,0,1,0,1,0,0,0,1,1
food_poisoning,0,0,0,0,1,0,0,0,0,1
food_poisoning,1,0,0,1,1,0,0,1,1,1
food_poisoning,0,0,0,1,0,0,0,0,1,1
food_poisoning,0,0,0,1,1,0,0,0,1,1
food_poisoning,1,1,0,1,0,0,0,1,1,1
food_poisoning,1,0,0,1,1,0,0,1,1,1
food_poisoning,1,0,0,1,1,1,0,0,1,0
food_poisoning,1,0,0,1,1,0,0,0,1,1
food_poisoning,1,0,0,1,1,0,0,1,1,1
food_poisoning,0,0,0,0,1,0,0,0,1,1
food_poisoning,1,0,0,0,1,0,0,0,1,1
food_poisoning,0,0,0,1,1,0,0,0,1,1
food_poisoning,1,0,0,1,1,0,0,0,0,1
food_poisoning,0,0,1,0,1,1,0,0,0,1
food_poisoning,0,0,0,0,1,0,0,0,0,1
food_poisoning,1,0,1,1,1,0,0,0,0,1
food_poisoning,1,1,0,0,0,0,0,0,0,1
food_poisoning,1,0,0,1,0,0,0,1,1,1
food_poisoning,1,0,0,1,1,0,0,0,1,1
food_poisoning,0,0,0,0,1,0,0,1,1,0
food_poisoning,0,0,0,1,1,0,0,0,0,0
food_poisoning,1,0,0,0,1,0,0,1,1,1
food_poisoning,1,0,1,1,1,0,0,0,1,1
food_poisoning,1,1,0,0,1,0,0,0,0,1
food_poisoning,1,0,0,1,1,0,0,0,0,1
food_poisoning,0,0,1,1,1,0,0,0,0,1
food_poisoning,0,0,0,0,1,0,0,0,0,1
food_poisoning,0,0,0,1,1,1,0,1,0,1
food_poisoning,0,0,0,0,1,1,0,1,0,1
food_poisoning,1,0,1,0,1,0,0,1,1,1
food_poisoning,0,0,1,1,1,0,0,0,1,1
food_poisoning,0,0,0,0,1,0,0,0,0,1
food_poisoning,1,0,1,0,1,0,0,0,0,0
food_poisoning,0,0,0,0,1,0,0,0,1,0
food_poisoning,0,0,0,1,1,0,0,0,1,1
food_poisoning,0,0,0,0,1,0,0,0,1,1
food_poisoning,0,0,0,1,1,0,1,1,0,1
food_poisoning,1,1,1,0,1,0,0,0,1,1
food_poisoning,0,0,0,0,1,0,0,0,0,1
food_poisoning,1,0,1,0,1,0,1,1,1,1
food_poisoning,0,0,0,0,1,0,0,0,1,0
food_poisoning,1,0,0,0,1,0,0,1,0,1
food_poisoning,0,0,1,0,1,0,0,1,0,1
food_poisoning,0,0,1,1,1,0,0,1,1,1
food_poisoning,0,0,0,1,1,0,0,0,0,1
food_poisoning,0,0,0,1,1,0,0,0,0,1
food_poisoning,0,0,0,0,0,0,0,0,1,1
food_poisoning,1,0,0,1,1,0,0,1,0,0
food_poisoning,1,0,0,1,1,0,1,1,1,1
food_poisoning,0,0,0,1,1,0,0,0,1,1
food_poisoning,1,0,1,1,1,0,0,1,0,1
food_poisoning,0,1,0,1,0,0,0,0,0,1
food_poisoning,1,0,0,1,0,0,0,0,1,1
food_poisoning,0,0,0,1,1,0,0,0,1,1
food_poisoning,1,0,0,1,1,0,0,1,1,1
food_poisoning,0,1,0,1,1,0,0,0,1,0
food_poisoning,1,0,0,1,1,0,0,0,1,1
food_poisoning,1,0,1,1,0,0,0,0,1,1
food_poisoning,0,0,0,1,1,0,0,1,0,1
food_poisoning,1,0,0,0,1,0,0,0,1,1
food_poisoning,0,0,0,1,1,0,0,0,0,0
food_poisoning,0,0,0,1,1,0,0,0,0,0
food_poisoning,1,0,0,1,1,0,0,0,1,1
food_poisoning,1,1,0,0,1,0,0,1,0,1
food_poisoning,0,0,0,0,0,0,0,0,1,1
food_poisoning,0,0,0,1,0,0,0,0,1,1
food_poisoning,1,0,0,0,1,1,0,0,1,1
food_poisoning,1,0,1,0,1,0,0,0,1,1
food_poisoning,0,0,0,0,1,0,0,1,0,1
food_poisoning,0,1,0,0,1,0,0,1,1,1
food_poisoning,0,0,0,1,1,0,0,1,1,1
food_poisoning,0,0,1,1,1,0,0,1,1,1
food_poisoning,1,0,0,0,0,0,0,1,1,1
food_poisoning,0,0,1,0,1,0,1,0,0,1
food_poisoning,0,0,0,1,1,0,0,0,0,0
food_poisoning,0,0,0,1,1,0,0,0,1,1
food_poisoning,0,0,1,1,1,0,0,0,1,1
food_poisoning,0,1,0,1,1,0,0,1,1,1
food_poisoning,0,0,0,1,1,0,0,0,1,1
food_poisoning,1,0,1,0,1,0,0,0,1,1
food_poisoning,0,0,1,1,1,0,0,0,1,1
food_poisoning,0,0,0,0,1,0,0,0,1,1
food_poisoning,1,0,0,0,1,0,1,0,1,1
food_poisoning,1,0,0,1,1,0,0,0,0,1
food_poisoning,0,0,0,1,1,0,0,0,1,1
food_poisoning,1,0,0,0,1,0,0,0,1,1
food_poisoning,1,0,1,0,1,0,0,0,1,1
food_poisoning,0,0,1,1,1,0,0,0,1,1
food_poisoning,1,1,0,1,1,0,1,1,0,1
food_poisoning,1,0,1,0,1,0,0,1,0,1
food_poisoning,1,0,0,1,0,0,0,1,1,1
food_poisoning,0,0,1,0,1,0,0,1,0,1
food_poisoning,0,0,0,0,1,0,0,1,1,1
food_poisoning,0,0,0,1,1,0,0,0,0,1
food_poisoning,1,0,0,0,1,0,0,1,0,1
food_poisoning,1,0,1,1,1,0,0,0,1,1
food_poisoning,1,0,0,1,1,0,0,0,1,0
food_poisoning,0,0,0,0,1,0,0,0,1,1
food_poisoning,0,0,1,1,1,0,0,0,0,1
food_poisoning,0,0,1,1,1,0,0,1,1,1
food_poisoning,1,0,0,0,1,0,0,0,0,1
food_poisoning,0,0,0,1,1,0,1,0,0,1
migraine,0,0,1,1,1,0,0,1,0,0
migraine,0,0,0,0,1,0,0,0,0,0
migraine,0,0,1,1,1,0,1,0,0,0
migraine,0,0,1,1,1,0,0,0,0,0
migraine,0,0,1,1,1,0,0,0,0,0
migraine,0,0,1,1,1,0,0,0,0,0
migraine,0,0,0,0,1,1,0,0,0,0
migraine,0,0,1,0,0,0,0,0,0,0
migraine,0,0,0,0,1,0,0,0,1,0
migraine,1,0,1,1,1,0,0,0,0,0
migraine,0,0,1,1,1,0,0,0,0,0
migraine,0,0,1,1,1,0,0,0,0,1
migraine,0,0,1,0,1,0,0,1,0,1
migraine,0,0,1,0,1,0,0,0,0,0
migraine,0,0,1,1,1,0,0,0,0,0
migraine,0,0,0,1,1,0,0,1,0,0
migraine,0,0,1,1,1,0,0,0,0,0
migraine,1,0,1,0,1,0,0,0,0,0
migraine,0,0,1,1,1,0,0,1,0,0
migraine,0,0,1,1,1,0,0,0,0,0
migraine,0,0,1,1,0,1,0,1,0,0
migraine,0,0,1,1,1,0,0,0,0,0
migraine,0,0,1,1,1,0,0,1,0,0
migraine,0,0,0,1,1,0,0,0,0,0
migraine,0,0,1,1,1,0,0,1,0,1
migraine,0,0,1,1,1,0,0,0,0,0
migraine,0,0,1,0,0,1,0,0,1,0
migraine,0,0,1,1,0,0,0,0,0,0
migraine,1,0,1,1,1,0,0,0,0,0
migraine,0,0,1,0,1,0,0,0,0,0
migraine,0,0,1,0,1,0,0,1,0,0
migraine,0,1,1,1,1,0,0,0,0,0
migraine,1,0,1,1,1,1,1,0,1,0
migraine,0,0,1,1,0,0,0,1,0,0
migraine,0,0,1,0,1,0,0,0,0,0
migraine,1,0,1,1,1,1,0,1,0,0
migraine,0,0,1,1,1,0,0,0,0,0
migraine,0,0,1,1,1,1,0,1,0,0
migraine,0,0,1,1,1,0,0,0,0,0
migraine,0,0,1,1,0,0,0,0,1,0
migraine,0,0,1,1,0,0,1,0,0,0
migraine,0,0,0,1,1,0,0,0,1,0
migraine,0,0,1,1,1,0,0,0,0,0
migraine,0,0,1,1,1,0,0,0,0,0
migraine,0,0,1,1,0,0,0,0,0,0
migraine,0,0,1,1,1,0,0,0,0,0
migraine,0,0,1,1,0,0,0,1,0,0
migraine,0,0,1,1,1,0,0,0,1,0
migraine,0,0,1,1,1,0,0,1,0,0
migraine,0,0,1,0,0,0,0,1,0,0
migraine,0,0,1,1,1,0,0,0,0,0
migraine,0,0,1,1,1,0,0,0,0,0
migraine,1,0,1,1,1,0,1,0,0,0
migraine,0,0,1,0,1,0,0,0,0,0
migraine,0,0,1,0,1,0,0,0,0,0
migraine,0,1,1,1,1,0,0,0,0,0
migraine,0,0,1,0,0,0,0,0,0,0
migraine,1,0,1,1,1,0,1,0,0,0
migraine,0,0,1,1,1,0,0,1,0,0
migraine,0,0,1,1,1,0,0,1,0,0
migraine,0,0,1,0,1,0,0,0,0,0
migraine,0,0,1,1,1,0,0,0,1,0
migraine,0,0,0,1,0,0,0,0,0,0
migraine,0,0,1,1,1,0,0,0,1,0
migraine,1,0,1,1,1,0,0,0,0,1
migraine,0,0,1,1,1,0,1,0,1,0
migraine,0,0,1,0,0,0,0,0,0,1
migraine,0,0,1,1,0,0,0,1,0,0
migraine,0,0,1,1,1,0,0,1,1,0
migraine,0,0,1,1,1,0,0,0,0,1
migraine,0,0,1,1,1,0,0,0,1,0
migraine,0,0,1,1,1,0,0,0,0,0
migraine,0,0,1,1,1,1,0,1,0,1
migraine,0,0,1,0,0,0,0,0,0,0
migraine,1,0,1,1,1,0,0,1,0,0
migraine,0,0,1,1,1,0,0,0,0,0
migraine,0,0,1,0,1,0,0,0,0,0
migraine,0,0,1,1,1,0,0,0,1,0
migraine,0,0,1,1,1,0,1,0,0,0
migraine,0,0,1,1,1,0,0,0,0,0
migraine,0,0,1,0,0,0,0,0,0,0
migraine,0,0,1,1,1,0,0,0,1,0
migraine,0,1,1,0,1,1,0,0,0,0
migraine,0,0,1,1,1,0,0,0,0,0
migraine,0,0,1,1,1,0,0,1,0,0
migraine,0,0,1,0,1,0,0,0,0,0
migraine,0,1,1,1,1,0,0,0,0,0
migraine,0,0,1,1,1,0,0,1,0,0
migraine,0,0,1,1,0,0,0,0,0,0
migraine,0,0,1,1,1,0,0,0,0,0
migraine,0,0,1,1,1,0,0,0,0,0
migraine,0,0,0,0,1,0,0,0,0,0
migraine,0,0,1,1,1,0,0,0,0,1
migraine,0,0,1,0,0,0,0,1,0,0
migraine,0,0,1,1,1,0,0,1,1,0
migraine,0,0,1,1,0,0,0,0,0,0
migraine,0,0,1,1,1,0,0,1,0,0
migraine,0,0,1,1,0,0,1,0,0,0
migraine,0,0,1,1,1,0,1,1,0,0
migraine,0,0,1,1,1,0,1,1,1,0
migraine,0,0,1,1,0,0,0,0,0,0
migraine,0,0,1,1,1,0,0,1,0,1
migraine,0,0,1,1,1,0,1,0,0,0
migraine,1,1,1,1,0,0,0,0,0,0
migraine,0,0,1,0,1,0,0,1,0,0
migraine,0,0,1,1,1,0,0,0,0,1
migraine,0,0,1,1,1,0,0,0,1,0
migraine,0,0,0,1,1,0,0,1,0,0
migraine,0,0,1,1,1,0,0,0,1,0
migraine,0,0,1,1,1,0,0,0,0,0
migraine,0,0,1,1,1,0,0,0,0,0
migraine,0,0,1,0,1,0,0,0,0,0
migraine,0,0,1,1,1,0,0,0,0,0
migraine,0,0,1,1,1,0,0,0,0,0
migraine,0,0,1,1,1,0,0,1,0,0
migraine,0,0,1,0,1,1,0,0,0,0
migraine,0,0,1,1,1,0,0,0,0,0
migraine,0,0,1,1,0,0,0,0,0,0
migraine,0,0,1,1,1,0,0,0,0,0
migraine,0,0,1,1,1,0,0,0,0,0
migraine,0,0,1,0,1,0,0,0,0,0
migraine,1,0,1,0,0,0,0,1,0,0
migraine,0,0,1,1,1,0,0,0,1,0
migraine,0,0,1,1,1,1,0,0,0,0
migraine,0,0,1,1,1,0,0,0,0,0
migraine,0,0,1,0,0,0,0,1,0,0
migraine,0,0,1,1,1,0,0,1,1,0
migraine,0,0,1,0,1,0,0,1,0,0
migraine,0,0,1,1,1,0,0,0,0,0
migraine,0,0,1,0,1,0,0,0,0,0
migraine,0,0,1,1,1,0,0,0,0,1
migraine,0,0,1,1,1,0,0,0,0,0
migraine,1,0,1,0,1,0,0,0,1,0
migraine,0,0,1,1,1,0,0,1,0,0
migraine,0,0,1,0,1,0,0,1,0,0
migraine,0,0,1,1,1,0,0,0,0,0
migraine,0,0,1,1,1,1,0,0,0,0
migraine,0,0,1,1,0,0,0,0,0,1
migraine,0,0,1,1,1,0,0,1,0,0
migraine,0,0,1,0,1,1,0,1,0,0
migraine,0,0,1,0,0,0,0,0,0,0
migraine,0,0,1,1,0,0,0,1,0,0
migraine,0,0,1,1,0,0,0,1,0,0
migraine,0,0,1,1,1,0,0,0,0,0
migraine,0,0,1,0,1,0,0,0,0,0
migraine,0,0,1,1,1,0,0,0,1,0
migraine,1,0,1,0,1,0,0,1,1,0
migraine,1,0,1,1,0,0,0,1,0,0
migraine,0,0,1,1,1,1,0,0,0,1
migraine,0,0,0,1,0,0,0,0,0,0
migraine,0,0,1,1,1,0,0,0,0,0
migraine,0,0,1,1,1,0,0,0,0,0
migraine,0,0,1,0,1,0,0,1,0,0
migraine,0,0,1,0,1,0,1,0,0,0
migraine,0,1,1,0,1,0,0,0,0,0
migraine,0,0,1,0,1,0,0,1,1,0
migraine,0,1,1,1,1,0,0,0,0,0
migraine,0,0,1,0,1,0,0,1,0,0
migraine,0,0,1,1,1,0,0,0,0,0
migraine,0,0,1,0,1,0,0,0,0,0
migraine,0,0,1,1,1,0,0,0,0,0
migraine,0,0,1,1,1,0,0,0,0,0
migraine,0,0,1,1,1,0,0,0,1,0
migraine,0,0,1,0,1,0,0,1,0,0
migraine,0,0,1,0,1,0,0,0,0,0
migraine,0,0,1,0,1,0,1,0,0,0
migraine,0,0,1,1,1,0,0,1,0,0
migraine,0,0,1,0,0,0,0,0,0,0
migraine,0,0,1,1,1,0,0,0,0,0
migraine,0,0,1,0,1,0,1,0,0,0
migraine,0,0,1,0,1,0,0,1,0,0
migraine,0,0,1,1,1,0,0,0,0,0
migraine,1,0,1,1,1,0,0,1,0,0
migraine,0,0,1,1,1,0,0,1,0,0
migraine,0,0,1,0,0,0,0,0,0,0
migraine,0,0,1,0,1,0,0,0,0,0
migraine,0,0,1,1,1,0,0,0,0,0
migraine,0,0,1,1,1,0,0,0,0,0
migraine,0,1,1,1,1,0,0,0,0,0
migraine,0,0,1,0,0,0,0,0,0,0
migraine,0,0,0,0,1,0,0,0,1,0
migraine,0,0,1,1,1,0,0,0,0,0
migraine,0,0,1,0,1,0,0,0,0,0
migraine,0,0,1,1,0,0,0,0,0,0
migraine,0,0,1,1,1,0,0,1,0,0
migraine,0,1,1,1,1,0,1,1,0,0
migraine,1,0,1,0,0,0,1,0,0,0
migraine,0,0,1,1,1,0,0,0,0,0
migraine,0,0,1,1,1,0,0,1,1,0
migraine,0,0,1,0,0,0,0,0,0,0
migraine,0,0,1,1,1,0,0,1,0,0
migraine,1,0,1,0,0,0,0,0,0,0
migraine,0,0,1,1,1,0,0,0,0,0
migraine,0,0,1,0,0,0,0,0,0,0
migraine,0,0,1,0,1,0,0,0,0,1
migraine,1,0,1,1,1,0,0,0,0,1
migraine,1,0,1,1,1,0,0,1,0,0
migraine,0,0,1,1,0,0,0,0,0,0
migraine,0,0,1,1,1,1,0,1,0,0
migraine,0,0,1,0,1,0,0,0,0,0
stress,0,0,1,1,0,0,0,0,1,1
stress,1,0,1,1,1,0,0,0,0,1
stress,0,0,1,0,1,0,0,1,0,0
stress,0,0,1,1,0,0,0,1,1,0
stress,0,1,1,1,1,0,1,1,0,0
stress,0,0,1,1,1,0,0,1,1,0
stress,0,0,1,0,1,0,0,0,0,0
stress,0,1,1,1,1,0,0,1,0,0
stress,0,0,1,1,1,0,0,0,1,0
stress,0,0,0,1,0,0,0,1,0,0
stress,0,0,1,1,1,0,0,1,0,0
stress,0,0,1,1,0,0,0,0,0,1
stress,0,0,1,1,0,0,0,0,0,0
stress,0,0,1,1,0,0,0,0,0,1
stress,0,0,1,0,0,0,0,0,0,0
stress,0,0,1,0,0,0,0,1,1,0
stress,0,0,1,1,0,0,0,1,0,0
stress,0,0,1,1,0,0,0,1,0,0
stress,0,0,1,1,0,0,0,1,1,0
stress,0,0,1,1,0,0,0,0,1,0
stress,0,0,1,1,0,0,1,1,0,0
stress,0,0,1,1,1,0,0,0,0,1
stress,0,0,1,1,1,0,0,1,0,0
stress,0,0,1,1,0,0,0,0,0,0
stress,0,0,0,1,1,0,0,0,0,0
stress,0,0,1,1,1,0,1,0,1,1
stress,0,0,1,1,0,0,0,0,1,0
stress,0,0,0,1,0,0,0,0,0,0
stress,0,0,0,1,0,0,1,0,0,0
stress,0,0,0,1,0,0,0,1,1,0
stress,0,0,0,1,0,0,0,0,0,0
stress,0,0,1,1,1,0,0,1,0,0
stress,0,0,1,1,1,0,0,0,0,0
stress,0,0,1,1,1,0,1,1,0,0
stress,0,0,0,1,0,0,0,0,0,0
stress,0,0,1,1,0,0,0,0,0,0
stress,0,1,1,1,1,0,0,0,0,0
stress,0,0,1,0,0,0,0,0,0,0
stress,0,0,1,1,0,1,0,0,1,1
stress,0,0,1,1,0,1,0,1,0,0
stress,0,0,1,1,1,1,0,0,0,0
stress,0,0,0,1,0,0,0,1,0,0
stress,0,1,1,1,0,0,0,1,0,0
stress,0,0,1,1,1,0,0,1,1,0
stress,0,0,0,1,0,0,0,1,1,1
stress,0,0,1,1,1,0,1,1,1,0
stress,1,0,1,1,0,1,1,1,1,0
stress,0,0,1,1,1,0,0,0,0,0
stress,0,0,1,1,0,0,0,1,0,0
stress,0,0,1,1,0,0,0,0,0,0
stress,0,0,0,0,1,0,0,0,0,0
stress,0,0,0,1,0,0,1,0,0,1
stress,0,1,0,1,0,0,0,1,1,0
stress,0,0,1,1,0,0,0,0,0,0
stress,0,1,1,1,1,0,0,0,0,0
stress,0,0,1,1,1,0,0,1,0,0
stress,0,0,1,1,0,0,0,0,0,1
stress,0,0,1,1,0,0,0,0,1,1
stress,0,0,1,1,0,0,0,0,0,1
stress,0,0,1,1,1,0,0,1,0,0
stress,0,0,1,1,0,1,0,0,0,0
stress,0,1,0,1,0,0,0,1,0,0
stress,0,0,0,1,0,0,0,1,0,1
stress,0,1,1,0,1,0,0,1,0,1
stress,0,0,1,1,0,0,0,0,1,1
stress,0,0,1,1,0,0,0,0,0,0
stress,0,0,1,1,0,0,0,1,0,0
stress,0,0,1,1,0,0,0,1,0,1
stress,0,0,1,1,1,0,0,0,0,0
stress,0,1,1,1,1,0,0,1,0,0
stress,0,0,1,1,0,0,1,1,0,0
stress,0,0,1,1,0,0,0,0,0,1
stress,0,0,1,1,1,0,0,1,0,0
stress,1,0,1,1,1,0,0,0,0,0
stress,1,0,1,1,0,0,0,1,0,0
stress,0,0,1,1,0,0,0,0,1,1
stress,0,0,1,0,1,0,0,1,0,1
stress,0,0,1,1,0,0,1,1,1,0
stress,0,0,1,1,1,0,0,1,1,0
stress,0,0,1,1,0,0,0,0,0,0
stress,0,0,1,1,0,0,1,0,0,0
stress,0,0,1,1,0,0,1,1,0,0
stress,0,0,1,0,1,0,0,1,0,0
stress,0,0,1,1,1,0,0,1,0,0
stress,0,0,1,1,0,1,0,1,0,0
stress,0,0,0,1,0,0,0,1,0,0
stress,0,0,0,1,1,0,0,1,0,0
stress,0,0,1,1,0,0,0,0,0,0
stress,0,0,0,1,0,1,0,1,1,1
stress,0,0,1,1,0,0,1,1,1,0
stress,1,0,1,1,0,0,0,1,0,1
stress,0,0,1,1,0,0,0,1,0,0
stress,0,0,1,1,0,0,0,0,0,0
stress,0,1,1,1,1,1,0,0,0,1
stress,0,0,1,1,0,0,1,1,0,0
stress,0,0,1,1,0,0,0,1,0,0
stress,0,0,0,1,0,1,0,1,1,0
stress,0,0,1,1,1,0,1,1,0,0
stress,0,0,0,1,0,0,0,0,0,0
stress,0,0,0,1,0,0,0,1,0,0
stress,0,1,1,1,0,0,0,1,0,0
stress,0,0,1,1,0,0,0,1,1,1
stress,0,0,1,1,1,0,1,1,0,0
stress,0,0,1,1,0,0,0,1,0,1
stress,0,0,0,1,0,0,0,1,0,0
stress,0,0,1,1,0,0,0,0,0,0
stress,0,0,1,1,1,0,0,0,1,0
stress,0,1,1,1,1,0,0,0,0,0
stress,0,0,1,1,0,0,0,1,0,0
stress,0,0,1,1,0,0,0,0,1,0
stress,0,0,1,1,0,0,0,1,0,0
stress,0,0,1,1,1,0,0,1,1,0
stress,0,0,0,0,0,0,0,1,0,1
stress,0,0,1,1,0,0,0,0,0,0
stress,0,0,1,0,0,0,0,1,1,0
stress,0,0,0,1,0,0,0,1,0,0
stress,0,0,1,1,0,0,0,1,1,0
stress,0,1,0,0,0,0,0,1,1,0
stress,0,0,1,1,1,0,0,0,0,0
stress,0,0,0,1,0,0,0,1,0,0
stress,1,0,1,1,1,0,0,1,0,0
stress,0,1,1,1,1,0,0,1,0,0
stress,0,0,0,1,0,0,0,0,0,1
stress,0,0,0,1,0,0,1,1,0,0
stress,0,0,1,1,0,0,0,0,0,0
stress,0,0,0,1,0,0,0,1,0,0
stress,0,0,0,1,0,0,0,1,0,0
stress,0,0,0,1,0,0,0,1,0,0
stress,0,0,1,1,0,0,0,0,0,0
stress,0,0,1,1,0,0,0,1,1,1
stress,1,0,1,1,0,0,0,1,0,1
stress,1,0,1,1,1,0,0,0,0,0
stress,0,0,0,1,0,0,0,1,0,0
stress,0,0,1,1,0,0,0,1,0,0
stress,0,0,1,1,1,0,0,1,0,0
stress,0,0,1,1,0,0,0,0,0,0
stress,0,0,1,1,1,0,0,0,0,1
stress,0,0,0,1,0,1,0,1,0,0
stress,0,0,1,1,0,0,0,1,1,1
stress,0,0,1,1,0,0,0,1,0,0
stress,0,0,1,1,0,0,1,1,0,1
stress,0,0,1,1,0,0,0,0,1,0
stress,0,0,0,1,0,0,0,0,0,0
stress,1,0,1,1,0,0,0,1,0,1
stress,0,0,1,0,0,0,0,0,0,0
stress,1,0,1,1,0,0,0,1,0,0
stress,0,1,0,1,0,0,0,1,1,0
stress,0,1,1,1,1,0,0,0,0,1
stress,0,0,1,1,0,1,0,0,1,0
stress,0,0,1,1,0,0,1,0,0,0
stress,0,0,0,1,0,0,0,1,0,0
stress,0,1,1,1,0,0,0,1,0,1
stress,0,0,1,1,0,0,0,0,1,0
stress,0,0,1,1,0,1,1,1,0,1
stress,0,0,1,1,1,0,0,1,0,0
stress,0,0,0,1,0,0,0,0,1,0
stress,0,0,1,1,0,1,0,0,0,0
stress,0,0,1,1,0,0,0,0,0,1
stress,0,0,1,1,1,0,0,1,0,0
stress,0,0,1,0,1,0,0,1,1,0
stress,0,0,0,1,1,0,1,1,1,1
stress,0,0,1,1,0,1,0,1,0,0
stress,0,0,1,1,0,0,0,0,0,0
stress,0,0,1,0,0,0,0,1,0,0
stress,1,1,0,1,0,0,0,0,0,1
stress,0,0,1,1,0,0,0,1,0,0
stress,0,1,1,1,0,0,0,1,0,0
stress,0,0,1,1,0,0,0,0,0,1
stress,1,0,1,1,0,0,0,0,0,0
stress,0,0,1,1,0,0,0,1,0,0
stress,0,0,1,1,0,0,0,1,0,0
stress,0,0,1,1,0,0,0,0,0,0
stress,0,0,1,1,0,0,0,1,0,1
stress,0,0,1,1,1,0,0,1,0,1
stress,0,1,1,1,0,0,0,1,0,0
stress,0,0,1,1,1,0,1,1,0,0
stress,0,0,0,1,1,0,0,1,0,0
stress,0,0,1,1,1,0,0,1,0,0
stress,0,0,1,1,1,0,0,1,0,0
stress,0,0,0,1,1,0,1,1,0,1
stress,0,0,1,1,0,0,1,0,0,0
stress,0,0,0,0,0,0,0,1,0,1
stress,1,1,1,1,1,1,0,0,0,0
stress,0,0,1,1,0,0,0,1,0,1
stress,0,0,1,1,0,0,0,0,0,0
stress,0,1,1,1,0,0,0,0,0,0
stress,0,0,1,1,0,0,0,1,1,0
stress,0,0,1,0,0,0,0,1,0,1
stress,0,1,1,1,1,0,0,1,1,0
stress,0,1,1,1,1,1,0,1,0,0
stress,0,0,1,0,1,0,0,0,0,1
stress,0,0,1,1,0,0,0,1,0,0
stress,0,0,1,0,0,0,0,0,1,0
stress,0,0,1,1,1,0,0,1,0,0
stress,0,0,1,1,0,0,0,1,0,0
stress,1,0,0,1,0,0,0,0,1,0
stress,0,0,1,1,1,0,0,1,0,0
stress,0,0,1,0,0,0,0,1,0,0
stress,0,0,0,1,0,0,0,1,0,0
stress,0,0,1,1,1,0,0,0,0,0
allergy,0,0,0,0,0,1,0,0,0,0
allergy,0,0,1,0,0,1,1,0,0,0
allergy,0,1,1,1,0,1,0,1,0,0
allergy,0,1,0,1,0,0,0,0,0,0
allergy,1,1,0,1,0,1,0,0,0,0
allergy,0,0,0,0,0,0,0,0,0,0
allergy,0,0,1,0,0,1,1,0,1,0
allergy,0,0,0,0,1,1,0,0,0,0
allergy,0,1,1,0,0,1,0,0,0,0
allergy,0,1,0,0,0,0,0,0,0,0
allergy,0,1,0,1,0,0,1,0,0,0
allergy,0,0,0,0,0,1,0,0,0,0
allergy,1,0,0,0,0,0,0,0,0,0
allergy,0,1,0,0,1,1,1,0,1,0
allergy,0,0,0,1,0,1,1,0,0,0
allergy,0,1,0,1,0,0,1,0,0,0
allergy,0,1,0,0,1,1,1,0,0,0
allergy,0,1,1,0,0,1,0,0,0,0
allergy,1,1,0,1,0,1,1,0,0,0
allergy,0,1,0,0,0,1,1,0,0,0
allergy,0,0,1,1,0,1,1,1,0,0
allergy,0,1,1,0,0,1,0,0,0,0
allergy,0,1,0,0,0,1,0,0,0,0
allergy,0,0,0,1,0,1,1,0,0,0
allergy,0,1,0,1,0,1,1,0,1,0
allergy,0,1,1,0,0,1,1,1,0,0
allergy,0,0,0,0,0,0,0,0,0,0
allergy,0,1,0,1,0,0,0,0,0,0
allergy,0,1,1,1,0,1,0,0,0,0
allergy,0,1,1,0,0,1,1,0,0,0
allergy,0,1,0,0,0,1,0,0,0,0
allergy,0,0,1,0,0,1,1,0,0,0
allergy,0,1,0,0,0,1,0,0,0,0
allergy,0,0,0,0,1,1,0,0,0,0
allergy,0,0,1,1,0,1,1,0,0,0
allergy,0,1,1,0,0,1,0,0,0,0
allergy,0,1,1,1,1,1,1,0,0,0
allergy,0,1,0,1,1,1,1,0,0,0
allergy,0,0,0,1,0,1,1,0,0,0
allergy,0,0,0,0,0,1,1,0,0,0
allergy,0,0,0,1,0,1,0,0,0,1
allergy,0,1,1,1,1,1,0,0,0,0
allergy,0,1,0,0,0,0,1,1,0,0
allergy,0,1,0,0,0,1,1,0,0,0
allergy,0,0,0,0,0,0,0,0,0,0
allergy,0,1,0,1,1,1,0,0,0,0
allergy,0,1,0,0,0,1,1,1,0,0
allergy,0,1,0,0,0,1,1,0,0,0
allergy,0,1,1,1,0,1,0,0,0,0
allergy,0,1,0,1,0,1,0,0,0,0
allergy,0,0,1,0,0,1,1,0,0,0
allergy,0,0,0,0,0,1,0,0,0,0
allergy,0,0,0,1,0,1,0,0,0,0
allergy,0,0,0,1,0,1,0,0,0,0
allergy,0,1,1,0,0,1,0,0,0,0
allergy,0,0,0,0,0,1,1,0,1,0
allergy,0,1,1,0,1,1,0,0,0,0
allergy,0,0,0,0,0,1,0,1,0,1
allergy,0,1,0,0,0,0,1,0,0,0
allergy,0,1,1,0,0,1,1,0,0,0
allergy,0,0,0,1,0,1,0,0,0,0
allergy,0,0,0,1,0,1,0,0,0,0
allergy,0,1,0,0,0,1,0,1,0,0
allergy,0,1,0,1,0,1,1,0,0,0
allergy,0,0,0,0,1,1,0,0,0,0
allergy,0,1,1,0,0,0,1,0,0,0
allergy,0,0,0,0,0,1,0,1,0,0
allergy,0,0,0,0,0,0,0,0,0,0
allergy,0,0,1,1,0,1,0,0,1,0
allergy,0,0,0,0,0,1,0,0,0,1
allergy,0,1,0,1,0,1,0,0,0,0
allergy,0,0,0,1,0,1,0,0,0,0
allergy,0,0,0,1,0,1,0,0,0,0
allergy,0,1,0,0,0,1,1,0,0,0
allergy,0,1,1,0,0,1,0,1,0,0
allergy,0,1,0,0,0,1,0,1,0,1
allergy,0,0,0,0,0,1,1,0,0,0
allergy,0,1,0,0,0,1,0,1,0,0
allergy,0,0,0,1,0,1,0,0,0,0
allergy,0,1,1,1,0,1,1,1,0,0
allergy,0,1,0,1,0,1,1,0,0,0
allergy,0,0,0,0,0,1,1,0,0,0
allergy,0,0,1,0,0,1,1,0,0,0
allergy,0,0,0,0,0,1,1,0,1,0
allergy,1,0,0,0,0,1,0,0,0,0
allergy,0,0,0,0,0,1,0,0,0,0
allergy,0,1,1,0,0,1,0,0,0,0
allergy,0,1,0,0,0,0,1,1,0,1
allergy,0,1,1,0,0,0,0,1,0,0
allergy,0,1,0,0,0,1,1,0,1,0
allergy,0,0,1,1,0,1,1,0,0,0
allergy,0,0,0,1,0,1,0,0,0,0
allergy,0,1,0,1,0,1,0,0,0,0
allergy,0,0,1,0,0,1,0,0,0,0
allergy,0,1,1,0,0,1,0,0,0,1
allergy,0,0,0,1,0,1,0,0,0,0
allergy,1,0,0,0,0,1,0,0,0,1
allergy,1,1,0,1,0,1,0,0,0,0
allergy,1,1,1,1,0,0,1,0,0,0
allergy,0,1,0,1,0,1,1,0,1,1
allergy,1,1,0,1,0,1,0,0,0,0
allergy,0,1,0,0,0,0,1,1,0,0
allergy,0,1,1,0,0,1,0,0,0,0
allergy,0,1,0,0,0,1,0,0,1,1
allergy,0,1,0,1,0,1,0,0,0,0
allergy,0,1,1,1,0,0,1,0,0,0
allergy,0,1,0,0,0,1,0,1,0,0
allergy,0,0,1,1,0,1,0,0,0,0
allergy,0,1,1,1,0,0,1,0,0,0
allergy,0,1,0,0,0,1,0,0,0,0
allergy,1,1,1,0,0,0,0,0,0,0
allergy,0,0,0,0,0,1,1,0,0,0
allergy,0,1,0,1,0,1,0,0,0,0
allergy,0,1,0,1,0,1,1,0,0,0
allergy,0,0,0,0,0,1,0,0,0,0
allergy,0,1,1,0,0,0,1,0,0,0
allergy,0,1,0,0,0,1,0,0,0,0
allergy,0,1,1,1,0,1,0,1,0,0
allergy,0,1,0,1,0,1,0,0,0,0
allergy,0,0,0,0,0,1,1,0,0,0
allergy,0,1,0,0,0,1,0,0,1,0
allergy,0,1,0,0,0,1,0,0,0,0
allergy,1,0,0,0,1,1,0,1,0,0
allergy,0,1,0,1,0,1,0,0,1,0
allergy,0,1,0,1,0,0,0,0,0,0
allergy,1,0,1,0,0,1,0,0,0,0
allergy,0,1,0,1,0,1,0,0,0,0
allergy,0,1,1,0,0,1,0,0,0,0
allergy,0,1,0,0,0,0,0,0,0,1
allergy,0,0,0,0,1,1,0,0,0,0
allergy,0,1,0,0,0,1,1,0,0,0
allergy,0,0,0,1,0,1,0,0,0,0
allergy,0,1,0,0,0,0,0,0,0,0
allergy,0,0,0,0,0,1,0,0,0,0
allergy,0,1,0,1,0,1,0,0,0,0
allergy,0,1,0,1,0,1,1,0,0,0
allergy,1,1,0,1,0,1,1,0,0,0
allergy,0,0,0,1,0,1,1,0,0,0
allergy,0,0,0,1,0,1,1,0,0,0
allergy,0,1,0,0,0,1,1,0,0,0
allergy,0,1,0,0,0,1,1,0,0,0
allergy,0,1,0,0,0,1,0,0,0,0
allergy,0,0,1,0,0,1,1,0,0,0
allergy,0,1,1,0,1,1,0,0,0,0
allergy,0,1,0,0,0,1,1,0,0,0
allergy,0,1,0,0,0,1,0,0,0,0
allergy,0,0,0,1,0,0,1,0,0,0
allergy,0,1,0,0,0,0,0,0,0,0
allergy,0,0,1,1,0,1,1,0,0,0
allergy,0,1,0,0,0,1,1,0,0,0
allergy,0,0,1,1,0,1,1,0,0,0
allergy,0,1,0,0,0,1,1,1,0,0
allergy,0,0,0,0,0,1,0,0,0,0
allergy,0,0,1,1,0,1,0,0,0,0
allergy,0,1,0,1,0,0,1,0,0,0
allergy,0,1,0,1,0,1,0,0,0,0
allergy,0,0,0,1,0,1,0,0,0,0
allergy,0,1,0,0,0,1,0,0,0,0
allergy,0,1,1,1,0,1,0,0,1,0
allergy,0,0,0,0,0,1,0,0,0,0
allergy,0,0,0,0,0,1,0,0,0,0
allergy,0,0,0,1,0,1,1,0,0,0
allergy,0,1,0,0,0,1,0,0,0,0
allergy,0,1,1,0,0,1,0,0,0,0
allergy,0,0,0,1,0,0,0,0,0,0
allergy,0,1,0,0,0,1,0,0,0,1
allergy,0,0,1,1,0,1,1,0,0,1
allergy,0,1,0,1,0,0,1,0,0,0
allergy,1,1,0,1,0,1,0,0,0,0
allergy,0,0,0,1,0,1,1,0,0,1
allergy,0,1,0,0,0,1,0,0,0,0
allergy,0,1,1,0,0,1,1,0,0,0
allergy,0,0,0,0,0,1,0,0,0,0
allergy,1,0,0,1,0,1,1,1,0,0
allergy,0,0,0,1,0,1,0,0,1,0
allergy,0,1,0,1,0,1,0,0,0,0
allergy,0,0,0,0,0,1,0,0,0,0
allergy,0,1,0,1,0,1,0,0,0,0
allergy,0,1,1,1,0,1,0,0,0,0
allergy,0,0,0,0,0,0,0,0,0,0
allergy,0,1,0,0,0,1,1,0,0,0
allergy,0,1,1,1,0,1,1,0,0,0
allergy,0,1,0,0,0,1,1,0,0,0
allergy,0,1,1,0,0,1,1,0,0,0
allergy,0,1,0,0,0,1,0,0,1,0
allergy,0,1,1,1,0,1,1,0,1,0
allergy,0,1,0,1,1,1,0,0,1,0
allergy,0,1,0,0,0,0,0,0,0,0
allergy,0,1,0,1,0,1,1,0,0,0
allergy,0,0,0,1,0,1,1,0,0,0
allergy,0,0,0,1,0,1,1,0,0,0
allergy,0,0,0,0,0,0,0,1,0,0
allergy,0,0,0,0,0,1,1,0,1,0
allergy,0,0,0,0,1,1,0,1,0,0
allergy,0,1,1,0,0,1,0,0,1,0
allergy,0,1,1,0,0,0,0,0,0,0
allergy,0,1,0,0,0,1,0,0,0,0
allergy,0,0,0,0,0,1,1,0,0,0
allergy,0,1,0,1,0,0,0,0,0,0
allergy,0,1,1,0,0,1,1,0,0,0
